n,y, depth.  m ,bk,GZ1,GZ2,GZ3,GZ4,GZ5,GZ7,DGK,NKTD,NKTM,NKTR,ALPS
1,0,3042.463,0.455778545,0.774,0.774,0.332845999,0.47654487,0.774,0.244897666,0.123651257,0.774,0.799166929,0.174639485,0.727788979
1,0,2412.8305,0,0.157152589,0.755471812,0.453215684,0.715146648,0,0.523431915,0.388728619,0.519233232,0.799166929,0.563573466,0.111215989
1,0,2522.5575,0,0.172235346,0.941742336,0.525711245,0.668599813,0,0.588924366,0.515213545,0.527138963,0.799166929,0.551152273,0.172358931
1,0,2396.3625,0.381248322,0.246838226,0.116912841,0.732654232,0.151298534,0.165218887,0.656955284,0.445917323,0.575175412,0.799166929,0.42943323,0.253562936
1,0,2399.0475,0.356867336,0.226241344,0.155473246,0.613299683,0.173948666,0.297194364,0.773217771,0.392742685,0.575725373,0.799166929,0.447168687,0.959632919
1,0,2400.211,0.379336846,0.237756136,0.124642922,0.613299683,0.145528794,0.425385756,0.756463194,0.381258235,0.59974126,0.799166929,0.414432967,0.493148146
1,0,2400.211,0.379336846,0.237756136,0.124642922,0.613299683,0.145528794,0.425385756,0.756463194,0.381258235,0.59974126,0.799166929,0.414432967,0.493148146
1,0,2403.433,0.389579552,0.258198383,0.188643436,0.671521337,0.165461113,0.366167776,0.645786289,0.381773237,0.553947969,0.799166929,0.45685737,0.467114573
1,0,2403.433,0.389579552,0.258198383,0.188643436,0.671521337,0.165461113,0.366167776,0.645786289,0.381773237,0.553947969,0.799166929,0.45685737,0.467114573
1,0,2419.4535,0.429281926,0.369446438,0.183789941,0.112249438,0.217166526,0.416925447,0.68893997,0.346223521,0.565549351,0.799166929,0.442338598,0.366356989
1,0,2092.689,0.696175564,0.774,0.774,0.774,0.194286714,0.391542911,0.246434386,0.515213545,0.671247198,0.799166929,0.254552376,0.653965699
1,0,2259.7855,0.347395779,0.224781722,0.934578812,0.487182147,0.67474799,0.315396516,0.688168749,0.324326926,0.497384647,0.799166929,0.423988482,0.29857812
1,0,2265.1555,0.324753184,0.318684436,0.155425367,0.722386655,0.971819866,0.272857936,0.676755328,0.493832183,0.532133275,0.799166929,0.47445148,0.176166515
1,0,2270.257,0.34553473,0.266624274,0.138847572,0.822516819,0.114836432,0.26418886,0.652893737,0.494652874,0.513537913,0.799166929,0.413633956,0.195247149
1,0,2272.584,0.357321372,0.228998469,0.136386249,0.636722613,0.891978167,0.28813422,0.467779455,0.491513722,0.524728386,0.799166929,0.462132497,0.137396389
1,0,2317.513,0.331266689,0.228253258,0.112496938,0.736416257,0.587999377,0.235197546,0.763579215,0.428142456,0.489166889,0.799166929,0.421415433,0.179748772
1,0,2318.766,0.338718842,0.272138333,0.119889719,0.679985892,0.79218715,0.222328688,0.746784656,0.382836637,0.485864999,0.799166929,0.416543579,0.198173693
1,0,2318.8555,0.322581794,0.264353685,0.122741894,0.681396651,0.865111354,0.224485298,0.756938524,0.388213459,0.492625316,0.799166929,0.415513715,0.18849217
1,0,2318.945,0.364527467,0.256569366,0.125527472,0.682874138,0.93835559,0.218568372,0.767923923,0.393623148,0.499386531,0.799166929,0.413559164,0.171528165
1,0,2359.1305,0.333437912,0.219154162,0.132378119,0.689263982,0.891215433,0.295419831,0.674216864,0.496156436,0.479574597,0.799166929,0.435953377,0.859362339
1,0,2523.363,0,0.292124255,0.196126418,0.711963987,0.149356286,0.222798727,0.656955284,0.461631336,0.617471948,0.799166929,0.492673417,0.392882169
1,0,2446.1245,0.774,0.774,0.774,0.774,0,0,0,0,0,0.799166929,0,0.332676114
1,0,2094.479,0.774,0.774,0.774,0.774,0,0,0,0,0,0.799166929,0,0.488816925
0,1,2152.0275,0.597768443,0.568928533,0.417339278,0.113958556,0,0,0,0,0,0.799166929,0,0.593559426
1,0,2713.103,0.618488556,0.343821977,0.184888794,0.134398318,0,0,0,0,0,0.799166929,0,0.255239624
1,0,2279.028,0.494373931,0.255271595,0.116116539,0.672461844,0.953175327,0.355256894,0.764586289,0.335441757,0.563382223,0.799166929,0.458194277,0.279727545
1,0,2280.818,0.426181784,0.316551252,0.137111689,0.644846378,0.876625724,0.272152876,0.766617627,0.226178746,0.576747417,0.799166929,0.434917892,0.436328414
0,1,2283.5925,0.497491383,0.276192838,0.133635359,0.713373858,0.163158142,0.325669452,0.887556164,0.247448947,0.543413515,0.799166929,0.474118577,0.357487428
1,0,2471.095,0.518628312,0.31527826,0.138727888,0.852174917,0.13924685,0.513753183,0.124791424,0.219489725,0.583194157,0.799166929,0.427658555,0.787556433
0,1,2511.728,0.392695126,0.272138333,0.194564848,0.557721241,0.124969582,0.233139597,0.664629923,0.233969493,0.545614378,0.799166929,0.471535283,0.572673365
1,0,2423.7495,0.244727919,0.162342355,0.684132998,0.319318124,0.478229258,0.155818973,0.421893231,0.564549144,0.461963989,0.799166929,0.235373498,0.198263325
1,0,2428.5825,0.244417744,0.156666489,0.595612483,0.472391343,0.617169584,0.151587742,0.455499683,0.451584672,0.468962542,0.799166929,0.259458528,0.332369853
1,0,3042.3735,0.453568613,0.774,0.774,0.318596433,0.464719895,0.774,0.273392961,0.695538285,0.774,0.797341725,0.172692732,0.71495413
1,0,2827.7525,0,0,0,0,0,0,0,0,0.433252485,0.797341725,0.416764587,0.298244448
0,1,2511.6385,0.3926813,0.276192838,0.18225819,0.564773898,0.126124929,0.233844656,0.652386434,0.263432464,0.552768687,0.797341725,0.462342239,0.596681295
1,0,2346.9585,0.725458114,0.575253815,0.165198266,0.172176925,0.234965728,0.774,0.234928122,0.262758978,0.774,0.797341725,0.123756423,0.499967316
1,0,3042.284,0.451366372,0.774,0.66325415,0.343477658,0.452897692,0.774,0.319764561,0.154564634,0.774,0.79558278,0.171321514,0.727129361
0,1,2448.362,0.638339743,0.452158327,0.459688261,0.561482127,0.248863444,0.514223223,0.366453198,0.188399542,0.774,0.79558278,0.182452572,0.451126263
1,0,2494.723,0,0.164126337,0.774592818,0.469312531,0.746781429,0,0.597241927,0.396714429,0.495776699,0.79558278,0.566716863,0.243743367
1,0,2349.912,0.367867316,0.236458695,0.116985233,0.482479616,0.872199632,0.339781443,0.577755119,0.515213545,0.624594622,0.79558278,0.396362486,0.1242396
1,0,2401.643,0.393316493,0.276365757,0.13522798,0.767725794,0.111765939,0.456449638,0.673214736,0.354982132,0.557878982,0.79558278,0.435563174,0.897929573
1,0,2403.791,0.469493461,0.211482948,0.169951576,0.661175776,0.112729882,0.359582245,0.678278478,0.413513513,0.564168411,0.79558278,0.444435754,0.386283267
1,0,2403.791,0.469493461,0.211482948,0.169951576,0.661175776,0.112729882,0.359582245,0.678278478,0.413513513,0.564168411,0.79558278,0.444435754,0.386283267
1,0,2425.0025,0.463289918,0.326365118,0.142539557,0.668699819,0.112687868,0.425157362,0.743778588,0.258894862,0.581936257,0.79558278,0.426699275,0.318219769
0,1,2425.1815,0.533565995,0.284626268,0.138919964,0.671518443,0.112533562,0.432436348,0.741748514,0.236746238,0.596244876,0.79558278,0.425561349,0.323772594
0,1,2339.709,0.574443734,0.365878474,0.219636879,0.19195729,0.273734436,0.774,0.121237188,0.164868334,0.556763478,0.79558278,0.391732699,0.414223229
1,0,2894.072,0.493177936,0.6863465,0.141598463,0.118785917,0.257921398,0.696598553,0.135858759,0.241635152,0.559136888,0.79558278,0.299296426,0.381541664
1,0,2227.655,0.338231132,0.485892937,0.376394769,0.378718284,0.514772617,0.774,0.774,0.515213545,0.652693165,0.79558278,0.255611532,0.676179935
1,0,2548.3335,0,0.123956536,0.576963618,0.36335345,0.589534623,0.14776833,0.398316448,0.482755913,0.5649546,0.79558278,0.527192756,0.191338228
1,0,2559.879,0,0.114499234,0.518325662,0.316141163,0.524485343,0.135841418,0.392954763,0.515213545,0.552611184,0.79558278,0.535426233,0.387363524
1,0,2630.1365,0.388726813,0.774,0.774,0.177525216,0.161277636,0.266982441,0.212524652,0.829493869,0.792986982,0.79558278,0.262472272,0.242923896
1,0,2532.134,0.752484738,0.228893981,0.145576229,0.845514961,0,0,0,0,0,0.79558278,0,0.312396974
1,0,2341.678,0.774,0.774,0.774,0.774,0.325932814,0.593659935,0.774,0.515213545,0.774,0.79558278,0.995342543,0.474488886
1,0,2058.321,0.362141839,0.384691375,0.279287766,0.145128736,0,0,0,0,0,0.79558278,0,0.35941878
1,0,2199.4625,0.395162698,0.251579212,0.114161959,0.727111959,0,0,0,0,0,0.79558278,0,0.14469979
1,0,2288.873,0.176552178,0.571522936,0.396923436,0.177567547,0,0,0,0,0,0.79558278,0,0.475312294
1,0,2702.542,0.155831827,0.774,0.47648318,0.138318767,0,0,0,0,0,0.79558278,0,0.699566212
0,1,2265.603,0.464641854,0.253649793,0.122921365,0.693152977,0.663226459,0.199296752,0.853943373,0.22669396,0.524728386,0.79558278,0.498639173,0.356887242
0,1,2268.5565,0.452545366,0.248297848,0.116623274,0.724276534,0.147385435,0.261668683,0.998125262,0.376158876,0.582879682,0.79558278,0.428618478,0.436735861
1,0,2279.565,0.383996452,0.232897317,0.18732562,0.646127673,0.953175327,0.292834614,0.788955573,0.447725731,0.564111736,0.79558278,0.448952749,0.345517358
0,1,2279.565,0.383996452,0.232897317,0.18732562,0.646127673,0.953175327,0.292834614,0.788955573,0.447725731,0.564111736,0.79558278,0.448952749,0.345517358
1,0,2380.879,0.325683542,0.242265994,0.968629822,0.582922483,0.931894573,0.28813422,0.561589214,0.329783832,0.563539469,0.79558278,0.449436664,0.712646295
0,1,2424.197,0.499381432,0.359391267,0.232522629,0.174847932,0.494349345,0.125359429,0.756938524,0.291766991,0.544513715,0.79558278,0.472182747,0.289492312
1,0,2480.224,0.426852796,0.252352352,0.126166648,0.553958781,0.776834685,0.284843943,0.8215562,0.422993217,0.572816478,0.79558278,0.43895884,0.159369257
0,1,2511.549,0.393316493,0.282473421,0.169951576,0.571827694,0.127271928,0.234549716,0.647994759,0.17878,0.559922997,0.79558278,0.453639769,0.68662895
1,0,2407.729,0.253722988,0.1521254,0.551625914,0.467431519,0.767623273,0.231259438,0.266313515,0.494897893,0.466916972,0.79558278,0.233116426,0.225441939
1,0,2442.9025,0.288152391,0.178398192,0.865388499,0.517748594,0.798328135,0.248952484,0.74639326,0.515213545,0.462974143,0.79558278,0.22699294,0.193116584
1,0,2352.6865,0.334368437,0.196758314,0.922478258,0.545963776,0.163542439,0.282258725,0.457431776,0.585553547,0.671564973,0.793944914,0.411214162,0.115879166
0,1,2257.4585,0.233871893,0.114823564,0.629851953,0.452383422,0.838244542,0.246622868,0.719992681,0.248951181,0.514361966,0.793944914,0.41796735,0.344538644
1,0,2324.0465,0.322891969,0.211327678,0.978139228,0.634841655,0.959529875,0.345436244,0.75186159,0.454675953,0.496792111,0.793944914,0.419148257,0.847413386
1,0,2359.4885,0.316681235,0.222673386,0.112762118,0.652711216,0.885695577,0.297194364,0.68893997,0.515213545,0.483338236,0.793944914,0.421447697,0.797535642
1,0,2559.9685,0,0.114985744,0.513982154,0.316141163,0.519689111,0.134666319,0.393979313,0.515213545,0.545928853,0.793944914,0.534855441,0.383544448
1,0,2817.5495,0.233716714,0.557889564,0.254312577,0.144414778,0,0,0,0,0,0.793944914,0,0.338211425
1,0,2288.9625,0.366626616,0.229893774,0.175194797,0.572297947,0.912739931,0.268627579,0.767124757,0.315825929,0.547422696,0.793944914,0.464876296,0.215287918
1,0,2379.1785,0.383376556,0.245216424,0.197464789,0.677634627,0.858227454,0.312162346,0.638678322,0.297268497,0.563775317,0.793944914,0.441291951,0.812856125
1,0,2488.3685,0.392991475,0.255271595,0.123549983,0.617442238,0.911168747,0.292834614,0.771791664,0.429688962,0.538853162,0.793944914,0.471134163,0.213966915
0,1,2489.4425,0.442619443,0.284139666,0.1316878,0.679453867,0.899654399,0.269567658,0.624462954,0.352642521,0.548287416,0.793944914,0.459684645,0.369182939
1,0,2421.333,0.278171175,0.158936571,0.621122916,0.367737875,0.594143622,0.179855298,0.426462472,0.515213545,0.434291763,0.793944914,0.271452647,0.282831979
1,0,2541.8895,0,0.134285185,0.545116468,0.335878853,0.592651159,0.149472564,0.527493462,0.46291937,0.579577693,0.793823835,0.517755554,0.262688848
1,0,2445.9455,0.774,0.774,0.774,0.545258397,0,0,0,0,0,0.793823835,0,0.342193741
1,0,2422.6755,0,0.261434442,0.138268438,0.63625236,0.91961262,0,0.865434518,0.383834977,0.545535759,0.793594596,0.538646455,0.266421328
1,0,2632.4635,0,0.261434442,0.128221277,0.673423496,0.169299127,0,0.796632897,0,0.494197691,0.793594596,0.567286996,0.193751457
1,0,2351.0755,0.36228417,0.216515335,0.193848863,0.734535244,0.854364629,0.351354534,0.661859423,0.451584672,0.561898476,0.793594596,0.443225856,0.117255494
1,0,2090.6305,0.774,0.774,0.774,0.774,0,0,0,0,0,0.793594596,0,0.773494479
1,0,2170.4645,0.774,0.697536932,0.475473999,0.282951253,0,0,0,0,0,0.793594596,0,0.222242159
1,0,2516.1135,0.127298945,0.279922982,0.167225179,0.124852181,0,0,0,0,0,0.793594596,0,0.177323624
1,0,2687.0585,0.496279684,0.186572162,0.577686984,0.477938347,0,0,0,0,0,0.793594596,0,0.177878716
1,0,2279.1175,0.392695126,0.256569366,0.115537397,0.668229566,0.961642552,0.369357995,0.776786119,0.358642391,0.567474174,0.793594596,0.444597732,0.279426781
1,0,2422.944,0.277916623,0.182939237,0.573343469,0.327125715,0.492814989,0.172344634,0.433571798,0.515213545,0.469591112,0.793594596,0.219491574,0.339245723
1,0,2443.529,0.222241963,0.189128386,0.696496179,0.445799879,0.626385369,0.217628293,0.986956658,0.515213545,0.446476879,0.793594596,0.251997492,0.151918848
1,0,2618.77,0.619232975,0.774,0.774,0.675377412,0.637127262,0.774,0.356478128,0.181948444,0.726752614,0.792648963,0.237813599,0.659216892
1,0,2477.36,0,0.185297597,0.95991596,0.594399839,0.961642552,0,0.543231958,0.515213545,0.479417359,0.792648963,0.573814147,0.537796373
1,0,2477.36,0,0.185297597,0.95991596,0.594399839,0.961642552,0,0.543231958,0.515213545,0.479417359,0.792648963,0.573814147,0.537796373
1,0,2526.048,0,0.162545352,0.835419743,0.526683419,0.875396138,0,0.579785884,0.419383825,0.474385758,0.792648963,0.575749983,0.196968863
1,0,2528.196,0,0.193967489,0.888971945,0.531775668,0.729242467,0,0.547293557,0.371984179,0.484448962,0.792648963,0.571716991,0.879339353
1,0,2425.987,0.412532488,0.315626223,0.148982432,0.714784617,0.119983157,0.41222465,0.753787327,0.332312736,0.613226534,0.792648963,0.484614624,0.257783723
1,0,2471.095,0.465882553,0.774,0.774,0.226369796,0.296763132,0.774,0.152612642,0.124475596,0.682973986,0.792648963,0.27251225,0.244192514
1,0,2092.7785,0.544635935,0.774,0.774,0.774,0.211249966,0.387775358,0.24374485,0.515213545,0.664928886,0.792648963,0.254139882,0.66359787
1,0,2260.054,0.358562715,0.242665876,0.993253767,0.514456823,0.615633812,0.291424496,0.671553136,0.317371544,0.523744542,0.792648963,0.428932931,0.317136915
1,0,2318.4975,0.37717256,0.278463362,0.116985233,0.688454468,0.613339424,0.218983322,0.756938524,0.326929949,0.487122482,0.792648963,0.426946328,0.226845627
1,0,2358.862,0.339713625,0.246713864,0.984529189,0.725583794,0.896583958,0.293346537,0.682339955,0.492544149,0.471837686,0.792648963,0.441177957,0.126133476
1,0,2361.726,0.3138969,0.285637484,0.984529189,0.593459333,0.845927741,0.267922523,0.818417914,0.515213545,0.487759577,0.792648963,0.428771611,0.733674182
1,0,2363.337,0.331266689,0.212456294,0.135234862,0.565244152,0.928824847,0.384492318,0.728323628,0.578756541,0.49356875,0.792648963,0.398794595,0.713219735
1,0,2442.5445,0.498574977,0.774,0.774,0.774,0.484523845,0.69918377,0.927481837,0.234422163,0.674942281,0.792648963,0.245125273,0.845212822
1,0,2592.994,0.287357625,0.577361422,0.281749886,0.153233838,0.244195884,0.774,0.233819836,0,0,0.792648963,0.258521222,0.188274225
1,0,2561.132,0,0.136231347,0.531356195,0.295318975,0.465179663,0.157933276,0.469187191,0.466268258,0.552611184,0.792648963,0.535258745,0.383432434
1,0,2284.3085,0.929188495,0.413883862,0.241237736,0.131259745,0,0,0,0,0,0.792648963,0,0.245647174
1,0,2071.8355,0.774,0.774,0.774,0.368721894,0,0,0,0,0,0.792648963,0,0.485631627
1,0,2196.509,0.675979226,0.228349686,0.985977265,0.579351742,0,0,0,0,0,0.792648963,0,0.253258883
1,0,2577.1525,0,0.254466943,0.182717349,0.175137514,0.293692639,0.774,0.297468484,0.183158415,0,0.792648963,0,0.345783176
0,1,2265.5135,0.428971752,0.248375596,0.122125547,0.691742219,0.643268247,0.198826712,0.864618925,0.222537934,0.533585732,0.792648963,0.485975574,0.328264933
1,0,2480.582,0.37717256,0.249433189,0.132911446,0.631795763,0.951852777,0.284373933,0.841755689,0.458248412,0.552218356,0.792648963,0.462535591,0.943385626
1,0,2826.8575,0,0,0,0,0,0,0,0,0.439544745,0.791361313,0.431446583,0.295439428
1,0,2825.0675,0,0,0,0,0,0,0,0,0.486524498,0.789954157,0.372429955,0.312453773
1,0,2827.484,0,0,0,0,0,0,0,0,0.42614527,0.789255792,0.446689387,0.285543867
1,0,2794.548,0,0,0,0,0,0,0,0.515213545,0.764174637,0.78854713,0.168781347,0.774
0,1,2794.548,0,0,0,0,0,0,0,0.515213545,0.764174637,0.78854713,0.168781347,0.774
1,0,2478.255,0,0.174558681,0.893315456,0.581232754,0.942641298,0,0.539174196,0.473481248,0.447812673,0.78854713,0.583654648,0.455391592
1,0,2621.992,0,0.279274262,0.137544519,0.742592939,0.1177534,0,0.811421516,0.382288451,0.588685223,0.78854713,0.51176654,0.163958229
1,0,2340.425,0.36662668,0.226791637,0.115247829,0.663567828,0.137826576,0.363815869,0.668124539,0.515213545,0.59923239,0.78854713,0.396685124,0.125283147
1,0,2347.227,0.355463234,0.298611462,0.177197627,0.763699328,0.124969582,0.391542911,0.463163981,0.49718176,0.628488546,0.78854713,0.399588879,0.124727865
1,0,2357.788,0.297767812,0.183263598,0.822371446,0.428877715,0.772228946,0.267452487,0.566783215,0.482755913,0.576432942,0.78854713,0.455728132,0.877824528
1,0,2358.2355,0.31484978,0.186831561,0.839745485,0.439686591,0.754573612,0.268627579,0.466572525,0.439992367,0.522991283,0.78854713,0.494122219,0.927369118
1,0,2388.934,0.348161282,0.221862479,0.145539698,0.377142936,0.563435434,0.184255488,0.726158915,0.392775749,0.576747417,0.78854713,0.421443987,0.528666926
1,0,2396.094,0.394542349,0.269543456,0.123645284,0.776858179,0.157976856,0.159343394,0.673214736,0.47187282,0.617581531,0.78854713,0.416527447,0.413398563
1,0,2400.3005,0.381515682,0.241888389,0.123152583,0.615561226,0.15317948,0.428911528,0.756463194,0.399328934,0.597266922,0.78854713,0.413462373,0.543219149
1,0,2400.569,0.364765568,0.227376651,0.119431752,0.62543654,0.125544646,0.442777218,0.776786119,0.377136315,0.612764783,0.78854713,0.413946332,0.786394447
1,0,2405.76,0.365385917,0.272138333,0.191669138,0.594399839,0.136291329,0.333728515,0.647816826,0.38227596,0.568256588,0.78854713,0.444276124,0.475819381
1,0,2435.295,0.488138943,0.318521863,0.229482171,0.219426727,0.517378415,0.158873355,0.638678322,0.427627243,0.684765645,0.78854713,0.481388227,0.495638324
1,0,2584.044,0.563415189,0.774,0.664989375,0.352783829,0.729856145,0.774,0.616351946,0.515213545,0.724393498,0.78854713,0.215756117,0.343648246
1,0,2266.319,0.35212546,0.183912318,0.943989752,0.565416264,0.693931379,0.238313113,0.977817525,0.454418346,0.511882995,0.78854713,0.389264419,0.162178978
1,0,2356.356,0.465882553,0.26889473,0.138844687,0.947896174,0.155366938,0.462988916,0.956494414,0.374453342,0.511965537,0.78854713,0.415382769,0.185154797
1,0,2604.0025,0,0.316251349,0.183662283,0.849747239,0.142478672,0.336455229,0.764586289,0.478633383,0.629579241,0.78854713,0.48323314,0.484227849
0,1,2614.832,0.683491466,0.413559446,0.168817799,0.725131837,0,0,0,0,0,0.78854713,0,0.518969747
1,0,2186.306,0.774,0.774,0.774,0.51549138,0,0,0,0,0,0.78854713,0,0.418716178
1,0,2860.1515,0,0,0,0,0,0,0,0,0.398518628,0.78854713,0.48836644,0.172184448
1,0,2872.5025,0,0,0,0,0,0,0,0,0.351744532,0.78854713,0.477873253,0.168396949
1,0,2873.3975,0,0,0,0,0,0,0,0,0.34346859,0.78854713,0.535629314,0.167458343
1,0,2874.2925,0,0,0,0,0,0,0,0,0.331378185,0.78854713,0.551939197,0.144812431
1,0,2880.5575,0,0,0,0,0,0,0,0,0.381379733,0.78854713,0.492751155,0.152598137
1,0,2883.6005,0,0,0,0,0,0,0,0,0.339554538,0.78854713,0.527282189,0.143477722
1,0,2903.8275,0,0,0,0,0,0,0,0,0.452798438,0.78854713,0.468163635,0.122821494
1,0,2978.4705,0,0,0,0,0,0,0,0,0,0.78854713,0.536321478,0.637367197
0,1,2265.424,0.393316493,0.228253258,0.121328744,0.69331459,0.623314486,0.198356673,0.875263454,0.213813621,0.543985764,0.78854713,0.473311979,0.344113995
0,1,2284.756,0.481391293,0.381423322,0.136531332,0.698338186,0.838244542,0.272727178,0.636647547,0.172813239,0.566369737,0.78854713,0.445564991,0.435314138
1,0,2377.657,0.375931864,0.263749643,0.117564368,0.664937795,0.122528991,0.436196664,0.648832189,0.368377684,0.579734939,0.78854713,0.435622599,0.996186644
0,1,2487.6525,0.418115633,0.267921649,0.123152583,0.666264183,0.887372427,0.317746782,0.694524597,0.454735965,0.538695924,0.78854713,0.479388276,0.272647794
1,0,2505.105,0.366626616,0.256444617,0.755779366,0.579351742,0.572646912,0.226893893,0.967663657,0.942847867,0.578791554,0.78854713,0.431691498,0.583311869
1,0,2050.3555,0.879655739,0.616884486,0.353765645,0.925928237,0.997911691,0.455938324,0.265929813,0.123651257,0.774,0.78854713,0.243996353,0.765343265
0,1,2054.1145,0.389269377,0.278949972,0.144711312,0.714784617,0.762133544,0.291675816,0.563539696,0.17878,0.721674372,0.78854713,0.326269786,0.728496293
1,0,2054.8305,0.39857463,0.269219923,0.145125856,0.686569435,0.112846114,0.326677459,0.755447874,0.372241786,0.689812318,0.78854713,0.323123345,0.511798654
1,0,2109.7835,0.639134713,0.382745213,0.258438912,0.132564331,0.155827511,0.774,0.143118775,0.342335981,0.716138525,0.78854713,0.312177692,0.654873574
0,1,2109.7835,0.639134713,0.382745213,0.258438912,0.132564331,0.155827511,0.774,0.143118775,0.342335981,0.716138525,0.78854713,0.312177692,0.654873574
0,1,2110.3205,0.621593382,0.39896324,0.311515236,0.117563259,0.136636938,0.585199189,0.115195637,0.273734517,0.679197686,0.78854713,0.337964756,0.727398837
0,1,2110.4995,0.538153282,0.387616179,0.272917283,0.111267421,0.127425452,0.552296423,0.156231149,0.23593515,0.679197686,0.78854713,0.337964756,0.723519156
1,0,2117.6595,0.397237469,0.298411522,0.285692699,0.847395973,0.148918922,0.735886868,0.837694141,0.444629289,0.693968275,0.78854713,0.326349738,0.426268595
1,0,2117.8385,0.395472873,0.293546116,0.263891753,0.865735842,0.152757182,0.735886868,0.883386549,0.435355445,0.69899963,0.78854713,0.322478658,0.437347242
1,0,2154.7125,0.363214693,0.228674465,0.149681856,0.56961754,0.129388653,0.561697213,0.218815864,0.498469145,0.741476796,0.78854713,0.321752127,0.435464211
0,1,2182.9945,0.415324627,0.253172745,0.163655859,0.869968119,0.151221772,0.66745613,0.965632883,0.374817854,0.733236636,0.78854713,0.319412992,0.48261262
1,0,2527.9275,0,0.183263598,0.852521292,0.489631589,0.728474423,0,0.544755386,0.342359443,0.521714266,0.786788566,0.552277968,0.532235443
1,0,2347.1375,0.361434699,0.216186174,0.114699665,0.785792826,0.126357799,0.384969826,0.459972377,0.489714742,0.592549793,0.786788566,0.461223265,0.124445437
1,0,2470.6475,0.277854588,0.559197243,0.359425546,0.143833789,0.251626887,0.653119898,0.226435599,0.84752629,0.638699265,0.786788566,0.246665876,0.424967127
1,0,2261.3965,0.31484978,0.219964746,0.941817997,0.563833392,0.593372739,0.261668683,0.761748227,0.473996462,0.492749842,0.786788566,0.41921342,0.157447459
1,0,2549.9445,0,0.132987743,0.565383654,0.328768732,0.54512477,0.141951932,0.399554727,0.468329113,0.564168411,0.786788566,0.527314363,0.168545468
1,0,2090.8095,0.774,0.774,0.774,0.774,0,0,0,0,0,0.786788566,0,0.774
1,0,2814.1485,0.139518426,0.322738548,0.153181159,0.195219324,0,0,0,0,0,0.786788566,0,0.283938359
1,0,2421.154,0.219637626,0.16672122,0.619674255,0.364916358,0.566559268,0.187757246,0.399472732,0.498726711,0.442152547,0.786788566,0.266242291,0.336211327
0,1,2794.6375,0,0,0,0,0,0,0,0.515213545,0.764174637,0.78529112,0.166586787,0.774
0,1,2446.751,0.346341184,0.774,0.774,0.55643394,0.597628219,0.774,0.774,0.216389689,0.774,0.78529112,0.171482833,0.496617987
1,0,2495.3495,0,0.15682823,0.789795172,0.476366327,0.715424829,0,0.546472585,0.417838185,0.461413657,0.78529112,0.579218357,0.247497613
1,0,2347.048,0.366626616,0.2225112,0.113228568,0.878947183,0.127732516,0.369451542,0.456924779,0.482239878,0.582257322,0.78529112,0.412655775,0.124163915
1,0,2092.868,0.479654314,0.774,0.774,0.774,0.228291142,0.382612164,0.233645114,0.515213545,0.65693858,0.78529112,0.257982453,0.666753875
0,1,2251.641,0.3926813,0.478171554,0.231798716,0.592518827,0.529661283,0.272874235,0.585878256,0.391562294,0.521714266,0.78529112,0.497681516,0.739645228
0,1,2251.7305,0.388946572,0.442265337,0.228541773,0.582173264,0.483626241,0.193186238,0.559478148,0.473996462,0.515817858,0.78529112,0.415745462,0.728885382
0,1,2251.82,0.369181473,0.464235181,0.225283444,0.571827694,0.437545228,0.179855298,0.533788993,0.556436282,0.599214485,0.78529112,0.421721948,0.717971778
1,0,2350.449,0.323822494,0.226727884,0.192212937,0.673423496,0.111921442,0.392482991,0.758493968,0.515213545,0.482448733,0.78529112,0.428223124,0.143176837
1,0,2363.2475,0.324132668,0.214421911,0.121449341,0.564773898,0.868949473,0.336313269,0.661168315,0.556829484,0.493175647,0.78529112,0.448479922,0.723446958
1,0,2364.053,0.447892415,0.348987287,0.173744453,0.13354142,0.251892911,0.693778315,0.131594134,0.39568423,0.552532838,0.78529112,0.444132459,0.126133476
1,0,2364.053,0.447892415,0.348987287,0.173744453,0.13354142,0.251892911,0.693778315,0.131594134,0.39568423,0.552532838,0.78529112,0.444132459,0.126133476
1,0,2549.4075,0,0.123581293,0.554521588,0.343284717,0.573444283,0.139836754,0.415891149,0.518342295,0.557957527,0.78529112,0.531644285,0.228645782
1,0,2561.0425,0,0.133149924,0.521221336,0.296259414,0.4713265,0.149775837,0.459972377,0.483273489,0.555258695,0.78529112,0.53291965,0.364986553
1,0,2402.18,0.411912137,0.164456973,0.821172233,0.411115473,0,0,0,0,0,0.78529112,0,0.312966986
1,0,2462.145,0.665147761,0.135969865,0.657883248,0.425366534,0,0,0,0,0,0.78529112,0,0.223222462
1,0,2802.5135,0.774,0.774,0.774,0.75951935,0.15657798,0.389662754,0.774,0.515213545,0.774,0.78529112,0.168742964,0.318293449
0,1,2153.191,0.545287324,0.363998814,0.181413982,0.199874687,0,0,0,0,0,0.78529112,0,0.614434225
1,0,2829.5425,0.383158933,0.395395266,0.132839487,0.883135243,0,0,0,0,0,0.78529112,0,0.299111448
1,0,2058.4105,0.272395511,0.413883862,0.354936162,0.149869643,0,0,0,0,0,0.78529112,0,0.349315962
1,0,2048.0285,0.993866558,0.775181649,0.537748992,0.129883889,0,0,0,0,0,0.78529112,0,0.265317957
1,0,2298.2705,0.157415243,0.547872957,0.378971346,0.94144659,0,0,0,0,0,0.78529112,0,0.175439772
0,1,2281.355,0.418115633,0.279598621,0.133345792,0.662352646,0.859737992,0.26839256,0.744278552,0.187225167,0.573288194,0.78529112,0.437499673,0.453638765
0,1,2283.503,0.433424573,0.285112747,0.145849769,0.724276534,0.168552728,0.312576274,0.799863468,0.258121986,0.538669746,0.78529112,0.479442127,0.349245817
1,0,2477.002,0.438475926,0.267921649,0.123219324,0.959316196,0.149845697,0.348769316,0.825594993,0.323554165,0.576275743,0.78529112,0.433949973,0.718562688
1,0,2480.1345,0.44778117,0.245542442,0.118652457,0.546434295,0.755341236,0.285313982,0.782863253,0.391562294,0.553869351,0.78529112,0.465677228,0.999729957
1,0,2480.3135,0.466391658,0.252352352,0.126929169,0.567595416,0.825194948,0.286724158,0.816371177,0.433294592,0.571434389,0.78529112,0.441483997,0.133582713
1,0,3042.1945,0.449664189,0.774,0.584781382,0.289581825,0.441461635,0.774,0.337299689,0.131379454,0.774,0.783271674,0.171854728,0.735778184
1,0,2400.4795,0.374389864,0.234999733,0.115537397,0.621674516,0.143199938,0.437667833,0.763579215,0.396972362,0.598531888,0.783271674,0.41322393,0.689842364
1,0,2964.8665,0,0,0,0,0,0,0,0.118499115,0.774,0.783271674,0.178984199,0.296425744
0,1,2689.0275,0.826926229,0.774,0.774,0.299927387,0,0,0,0,0,0.783271674,0,0.462283442
0,1,2265.6925,0.464952286,0.267921649,0.122559457,0.695339893,0.699347416,0.223528682,0.868155746,0.26698536,0.516446879,0.783271674,0.579957125,0.355846755
